--
-- PostgreSQL database dump
--

-- Dumped from database version 9.6.15
-- Dumped by pg_dump version 9.6.15

SET statement_timeout = 0;
SET lock_timeout = 0;
SET idle_in_transaction_session_timeout = 0;
SET client_encoding = 'UTF8';
SET standard_conforming_strings = on;
SELECT pg_catalog.set_config('search_path', '', false);
SET check_function_bodies = false;
SET xmloption = content;
SET client_min_messages = warning;
SET row_security = off;

--
-- Data for Name: category; Type: TABLE DATA; Schema: torrent; Owner: postgres
--

INSERT INTO torrent.category (id, image_path, name) VALUES (16, 'static\system\category\imga07c7c22_20220216_205713_959815.jpg', 'Hunks');
INSERT INTO torrent.category (id, image_path, name) VALUES (17, 'static\system\category\2316x3088_34d21816ae2250eb11eca396965f933a_20220216_205756_296564.jpg', 'Fans');
INSERT INTO torrent.category (id, image_path, name) VALUES (18, 'static\system\category\de1dd5a6c6a7_20220216_205848_891469.jpg', 'Interracial');
INSERT INTO torrent.category (id, image_path, name) VALUES (19, 'static\system\category\Screenshot_2014-06-10-07-52-18_20220216_205929_169263.png', 'Bareback');
INSERT INTO torrent.category (id, image_path, name) VALUES (20, 'static\system\category\EXiaJQSXYAErGuL_20220216_210136_281053.jpg', 'Packs');
INSERT INTO torrent.category (id, image_path, name) VALUES (21, 'static\system\category\adam_sky2A023_20220216_210218_927118.jpg', 'Blacks');


--
-- Name: category_id_seq; Type: SEQUENCE SET; Schema: torrent; Owner: postgres
--

SELECT pg_catalog.setval('torrent.category_id_seq', 21, true);


--
-- Data for Name: torrent; Type: TABLE DATA; Schema: torrent; Owner: postgres
--

INSERT INTO torrent.torrent (id, info_hash, name, description, info, uploaded_time, download_count, seeders, leechers, last_checked, uploaded_user, url) VALUES (16, '4c7723d4f7bfdb1365b95b472e324dd481749d68', 'Benny in  hot wrestling with skinny twink', 'una super descripcion......', '\x80049562000000000000007d94288c0d6f726967696e616c5f6e616d65948c0d6d7573636c653539302e6d7034948c0c746f74616c5f6c656e677468944a7506c8308c0566696c6573945d947d94288c0470617468945d946802618c066c656e677468944a7506c8307561752e', '2022-02-16 23:28:34.650216', 0, 0, 0, '2022-02-16 23:28:34.650216', 'mdenis', 'http://192.168.100.2:8080/#/addtorrent');
INSERT INTO torrent.torrent (id, info_hash, name, description, info, uploaded_time, download_count, seeders, leechers, last_checked, uploaded_user, url) VALUES (17, '88e3a34c635156d3c088082333d2059e9073d85a', 'Enzo Pilery MH', 'Uff este si esta precioso!!!!', '\x80049520070000000000007d94288c0d6f726967696e616c5f6e616d65948c07456e7a6f204d48948c0c746f74616c5f6c656e677468944a8c85f42e8c0566696c6573945d94287d94288c066c656e677468944a511001008c0470617468945d94288c06696d61676573948c12656e7a6f70696c657269413034322e6a70679465757d942868074a6084010068085d94288c06696d61676573948c14656e7a6f5f70696c65726932413031372e6a70679465757d942868074a1088010068085d94288c06696d61676573948c14656e7a6f5f70696c65726932413031342e6a70679465757d942868074a5b8b010068085d94288c06696d61676573948c14656e7a6f5f70696c65726932413031352e6a70679465757d942868074a44a1010068085d94288c06696d61676573948c14656e7a6f5f70696c65726932413031382e6a70679465757d942868074ac3af010068085d94288c06696d61676573948c14656e7a6f5f70696c65726932413031362e6a70679465757d942868074a71fd010068085d94288c06696d61676573948c14656e7a6f5f70696c65726932413032302e6a70679465757d942868074a8c07020068085d94288c06696d61676573948c14656e7a6f5f70696c65726932413032312e6a70679465757d942868074a743a020068085d94288c06696d61676573948c14656e7a6f5f70696c65726932413032322e6a70679465757d942868074abe56020068085d94288c06696d61676573948c14656e7a6f5f70696c65726932413033342e6a70679465757d942868074a297e020068085d94288c06696d61676573948c14656e7a6f5f70696c65726932413033332e6a70679465757d942868074aa5a8020068085d94288c06696d61676573948c14656e7a6f5f70696c65726932413030352e6a70679465757d942868074a98aa020068085d94288c06696d61676573948c14656e7a6f5f70696c65726932413030362e6a70679465757d942868074a83ce020068085d94288c06696d61676573948c14656e7a6f5f70696c65726932413030382e6a70679465757d942868074af8ee020068085d94288c06696d61676573948c14656e7a6f5f70696c65726932413032352e6a70679465757d942868074a4804030068085d94288c06696d61676573948c14656e7a6f5f70696c65726932413032362e6a70679465757d942868074a6611030068085d94288c06696d61676573948c14656e7a6f5f70696c65726932413033312e6a70679465757d942868074aa914030068085d94288c06696d61676573948c14656e7a6f5f70696c65726932413031332e6a70679465757d942868074a691a030068085d94288c06696d61676573948c14656e7a6f5f70696c65726932413030322e6a70679465757d942868074a7b1b030068085d94288c06696d61676573948c14656e7a6f5f70696c65726932413030392e6a70679465757d942868074ab11c030068085d94288c06696d61676573948c14656e7a6f5f70696c65726932413032332e6a70679465757d942868074a7c1e030068085d94288c06696d61676573948c14656e7a6f5f70696c65726932413031312e6a70679465757d942868074ad821030068085d94288c06696d61676573948c14656e7a6f5f70696c65726932413030312e6a70679465757d942868074ac433030068085d94288c06696d61676573948c14656e7a6f5f70696c65726932413031322e6a70679465757d942868074a7a45030068085d94288c06696d61676573948c14656e7a6f5f70696c65726932413031302e6a70679465757d942868074a594e030068085d94288c06696d61676573948c14656e7a6f5f70696c65726932413030342e6a70679465757d942868074a0855030068085d94288c06696d61676573948c14656e7a6f5f70696c65726932413033322e6a70679465757d942868074a9f57030068085d94288c06696d61676573948c14656e7a6f5f70696c65726932413033302e6a70679465757d942868074a5d63030068085d94288c06696d61676573948c14656e7a6f5f70696c65726932413031392e6a70679465757d942868074a8a67030068085d94288c06696d61676573948c14656e7a6f5f70696c65726932413032342e6a70679465757d942868074ab675030068085d94288c06696d61676573948c14656e7a6f5f70696c65726932413030372e6a70679465757d942868074a9981030068085d94288c06696d61676573948c14656e7a6f5f70696c65726932413030332e6a70679465757d942868074ae485030068085d94288c06696d61676573948c14656e7a6f5f70696c65726932413032382e6a70679465757d942868074af18d030068085d94288c06696d61676573948c14656e7a6f5f70696c65726932413032372e6a70679465757d942868074a07ad030068085d94288c06696d61676573948c14656e7a6f5f70696c65726932413032392e6a70679465757d942868074ac9b2932e68085d948c11456e7a6f2b50696c6572692b322e776d7694617565752e', '2022-02-18 20:03:16.722551', 1, 1, 0, '2022-02-20 17:23:57.73305', 'mdenis', 'http://www.musclehunks.com');
INSERT INTO torrent.torrent (id, info_hash, name, description, info, uploaded_time, download_count, seeders, leechers, last_checked, uploaded_user, url) VALUES (15, '4a81bfc2d8cf30bfd20f3e40ef398b1c6e8806b8', 'Osckar Bill Zaracho baker (py) from MuscleHunks porn model', 'Increible muscle puppi en escenas super hot!!!!!', '\x80049591220000000000007d94288c0d6f726967696e616c5f6e616d65948c1d42696c6c2042616b657220284f73636172205a61726163686f20505929948c0c746f74616c5f6c656e677468948a050142fee9008c0566696c6573945d94287d94288c066c656e677468944d784f8c0470617468945d94288c05666f746f73948c0c486f6d6520576f726b6f7574948c1142696c6c2042616b65722031332e6a70679465757d942868074da06668085d94288c05666f746f73948c1f42696c6c2062616b6572202d204d617373697665204d7573636c6520507570948c1142696c6c2042616b65722030362e6a70679465757d942868074d2b7968085d94288c05666f746f73948c0c486f6d6520576f726b6f7574948c1142696c6c2042616b65722031342e6a70679465757d942868074d85bf68085d94288c05666f746f73948c1f42696c6c2062616b6572202d204d617373697665204d7573636c6520507570948c0f62696c6c62616b657231332e6a70679465757d942868074d40c168085d94288c05666f746f73948c0c486f6d6520576f726b6f7574948c2c366130313931303431623361653639373063303162376337633338326363393730622d33323077692e6a70679465757d942868074df5c268085d94288c05666f746f73948c1f42696c6c2062616b6572202d204d617373697665204d7573636c6520507570948c1142696c6c2042616b65722030322e6a70679465757d942868074ddcd868085d94288c05666f746f73948c1f42696c6c2062616b6572202d204d617373697665204d7573636c6520507570948c0f62696c6c62616b657231312e6a70679465757d942868074d99ea68085d94288c05666f746f73948c1f42696c6c2062616b6572202d204d617373697665204d7573636c6520507570948c0f62696c6c62616b657231302e6a70679465757d942868074d9ef068085d94288c05666f746f73948c1f42696c6c2062616b6572202d204d617373697665204d7573636c6520507570948c0f62696c6c62616b657231322e6a70679465757d942868074d3cf368085d94288c05666f746f73948c0c486f6d6520576f726b6f7574948c2c366130313931303431623361653639373063303162386431346435616632393730632d33323077692e6a70679465757d942868074d1ffa68085d94288c05666f746f73948c0c486f6d6520576f726b6f7574948c2c366130313931303431623361653639373063303162623038363763626331393730642d33323077692e6a70679465757d942868074d3bfa68085d94288c05666f746f73948c0c486f6d6520576f726b6f7574948c2c366130313931303431623361653639373063303162623038363763626136393730642d33323077692e6a70679465757d942868074ad601010068085d94288c05666f746f73948c0c486f6d6520576f726b6f7574948c2c366130313931303431623361653639373063303162376337633338326431393730622d33323077692e6a70679465757d942868074a4c11010068085d94288c05666f746f73948c0c486f6d6520576f726b6f7574948c2c366130313931303431623361653639373063303162386431346435623130393730632d33323077692e6a70679465757d942868074a741d010068085d94288c05666f746f73948c324e65772057726573746c657273202d204b6f205279752c2054696d6d792052696f7264616e20262042696c6c2042616b6572948c0c30313131393937362e6a70679465757d942868074ab63f010068085d94288c05666f746f73948c1742696c6c2042616b6572202d2042656566792042696c6c948c0f62696c6c5f62616b6572322e6a70679465757d942868074ace5d010068085d94288c05666f746f73948c1742696c6c2042616b6572202d2042656566792042696c6c948c1162696c6c5f62616b65723231332e6a70679465757d942868074a5c95010068085d94288c05666f746f73948c1742696c6c2042616b6572202d2042656566792042696c6c948c1162696c6c5f62616b65723231312e6a70679465757d942868074a92a2010068085d94288c05666f746f73948c1742696c6c2042616b6572202d2042656566792042696c6c948c1162696c6c5f62616b65723231342e6a70679465757d942868074aece7010068085d94288c05666f746f73948c104d7573636c652047726170706c657273948c2162696c6c5f62616b65722d646965676f5f656c5f706f74726f413033332e6a70679465757d942868074abdea010068085d94288c05666f746f73948c104d7573636c652047726170706c657273948c2162696c6c5f62616b65722d646965676f5f656c5f706f74726f413032382e6a70679465757d942868074ac2f7010068085d94288c05666f746f73948c104d7573636c652047726170706c657273948c2162696c6c5f62616b65722d646965676f5f656c5f706f74726f413033322e6a70679465757d942868074a4df8010068085d94288c05666f746f73948c104d7573636c652047726170706c657273948c2162696c6c5f62616b65722d646965676f5f656c5f706f74726f413032342e6a70679465757d942868074a2008020068085d94288c05666f746f73948c104d7573636c652047726170706c657273948c2162696c6c5f62616b65722d646965676f5f656c5f706f74726f413032372e6a70679465757d942868074a7e0e020068085d94288c05666f746f73948c104d7573636c652047726170706c657273948c2162696c6c5f62616b65722d646965676f5f656c5f706f74726f413033302e6a70679465757d942868074a8d1d020068085d94288c05666f746f73948c104d7573636c652047726170706c657273948c2162696c6c5f62616b65722d646965676f5f656c5f706f74726f413032312e6a70679465757d942868074a7722020068085d94288c05666f746f73948c104d7573636c652047726170706c657273948c2162696c6c5f62616b65722d646965676f5f656c5f706f74726f413032332e6a70679465757d942868074aa825020068085d94288c05666f746f73948c104d7573636c652047726170706c657273948c2162696c6c5f62616b65722d646965676f5f656c5f706f74726f413032362e6a70679465757d942868074ac327020068085d94288c05666f746f73948c104d7573636c652047726170706c657273948c2162696c6c5f62616b65722d646965676f5f656c5f706f74726f413030352e6a70679465757d942868074adc27020068085d94288c05666f746f73948c104d7573636c652047726170706c657273948c2162696c6c5f62616b65722d646965676f5f656c5f706f74726f413032352e6a70679465757d942868074a1929020068085d94288c05666f746f73948c104d7573636c652047726170706c657273948c2162696c6c5f62616b65722d646965676f5f656c5f706f74726f413030362e6a70679465757d942868074a812a020068085d94288c05666f746f73948c104d7573636c652047726170706c657273948c2162696c6c5f62616b65722d646965676f5f656c5f706f74726f413032322e6a70679465757d942868074a9034020068085d94288c05666f746f73948c1742696c6c2042616b6572202d2042656566792042696c6c948c08737469636b657273948c0c737469636b6572372e706e679465757d942868074a0035020068085d94288c05666f746f73948c104d7573636c652047726170706c657273948c2162696c6c5f62616b65722d646965676f5f656c5f706f74726f413032392e6a70679465757d942868074a3835020068085d94288c05666f746f73948c104d7573636c652047726170706c657273948c2162696c6c5f62616b65722d646965676f5f656c5f706f74726f413030332e6a70679465757d942868074a5239020068085d94288c05666f746f73948c104d7573636c652047726170706c657273948c2162696c6c5f62616b65722d646965676f5f656c5f706f74726f413030342e6a70679465757d942868074ab93b020068085d94288c05666f746f73948c104d7573636c652047726170706c657273948c2162696c6c5f62616b65722d646965676f5f656c5f706f74726f413032302e6a70679465757d942868074afd3c020068085d94288c05666f746f73948c104d7573636c652047726170706c657273948c2162696c6c5f62616b65722d646965676f5f656c5f706f74726f413030312e6a70679465757d942868074a0e3e020068085d94288c05666f746f73948c104d7573636c652047726170706c657273948c2162696c6c5f62616b65722d646965676f5f656c5f706f74726f413033342e6a70679465757d942868074a9148020068085d94288c05666f746f73948c104d7573636c652047726170706c657273948c2162696c6c5f62616b65722d646965676f5f656c5f706f74726f413033312e6a70679465757d942868074a644f020068085d94288c05666f746f73948c104d7573636c652047726170706c657273948c2162696c6c5f62616b65722d646965676f5f656c5f706f74726f413031382e6a70679465757d942868074a4750020068085d94288c05666f746f73948c1742696c6c2042616b6572202d2042656566792042696c6c948c1162696c6c5f62616b65723231322e6a70679465757d942868074ae552020068085d94288c05666f746f73948c104d7573636c652047726170706c657273948c2162696c6c5f62616b65722d646965676f5f656c5f706f74726f413030372e6a70679465757d942868074a6653020068085d94288c05666f746f73948c104d7573636c652047726170706c657273948c2162696c6c5f62616b65722d646965676f5f656c5f706f74726f413030322e6a70679465757d942868074abc5b020068085d94288c05666f746f73948c104d7573636c652047726170706c657273948c2162696c6c5f62616b65722d646965676f5f656c5f706f74726f413031322e6a70679465757d942868074a9461020068085d94288c05666f746f73948c104d7573636c652047726170706c657273948c2162696c6c5f62616b65722d646965676f5f656c5f706f74726f413031362e6a70679465757d942868074aab69020068085d94288c05666f746f73948c104d7573636c652047726170706c657273948c2162696c6c5f62616b65722d646965676f5f656c5f706f74726f413031372e6a70679465757d942868074a696b020068085d94288c05666f746f73948c104d7573636c652047726170706c657273948c2162696c6c5f62616b65722d646965676f5f656c5f706f74726f413033392e6a70679465757d942868074a6d6f020068085d94288c05666f746f73948c104d7573636c652047726170706c657273948c2162696c6c5f62616b65722d646965676f5f656c5f706f74726f413031392e6a70679465757d942868074aef6f020068085d94288c05666f746f73948c104d7573636c652047726170706c657273948c2162696c6c5f62616b65722d646965676f5f656c5f706f74726f413031342e6a70679465757d942868074a8873020068085d94288c05666f746f73948c104d7573636c652047726170706c657273948c2162696c6c5f62616b65722d646965676f5f656c5f706f74726f413030392e6a70679465757d942868074aee73020068085d94288c05666f746f73948c104d7573636c652047726170706c657273948c2162696c6c5f62616b65722d646965676f5f656c5f706f74726f413030382e6a70679465757d942868074a0b7a020068085d94288c05666f746f73948c104d7573636c652047726170706c657273948c2162696c6c5f62616b65722d646965676f5f656c5f706f74726f413031352e6a70679465757d942868074af57e020068085d94288c05666f746f73948c104d7573636c652047726170706c657273948c2162696c6c5f62616b65722d646965676f5f656c5f706f74726f413033372e6a70679465757d942868074af781020068085d94288c05666f746f73948c104d7573636c652047726170706c657273948c2162696c6c5f62616b65722d646965676f5f656c5f706f74726f413033362e6a70679465757d942868074a46ae020068085d94288c05666f746f73948c104d7573636c652047726170706c657273948c2162696c6c5f62616b65722d646965676f5f656c5f706f74726f413033382e6a70679465757d942868074a21b3020068085d94288c05666f746f73948c104d7573636c652047726170706c657273948c2162696c6c5f62616b65722d646965676f5f656c5f706f74726f413031302e6a70679465757d942868074a51b4020068085d94288c05666f746f73948c104d7573636c652047726170706c657273948c2162696c6c5f62616b65722d646965676f5f656c5f706f74726f413033352e6a70679465757d942868074a48c6020068085d94288c05666f746f73948c324e65772057726573746c657273202d204b6f205279752c2054696d6d792052696f7264616e20262042696c6c2042616b6572948c2c366130313931303431623361653639373063303162623039373866323562393730642d33323077692e6a70679465757d942868074ab1ce020068085d94288c05666f746f73948c104d7573636c652047726170706c657273948c2162696c6c5f62616b65722d646965676f5f656c5f706f74726f413031332e6a70679465757d942868074a67dc020068085d94288c05666f746f73948c0c486f6d6520576f726b6f7574948c2c366130313931303431623361653639373063303162376337633338326439393730622d33323077692e6a70679465757d942868074a3ce1020068085d94288c05666f746f73948c104d7573636c652047726170706c657273948c2162696c6c5f62616b65722d646965676f5f656c5f706f74726f413031312e6a70679465757d942868074a9b13030068085d94288c05666f746f73948c0c486f6d6520576f726b6f7574948c2374756d626c725f6d7074696237644c564131727334656a346f315f313238302e6a70679465757d942868074a2b1e030068085d94288c05666f746f73948c324e65772057726573746c657273202d204b6f205279752c2054696d6d792052696f7264616e20262042696c6c2042616b6572948c2c366130313931303431623361653639373063303162376338643563643763393730622d36343077692e6a70679465757d942868074a5941030068085d94288c05666f746f73948c324e65772057726573746c657273202d204b6f205279752c2054696d6d792052696f7264616e20262042696c6c2042616b6572948c2c366130313931303431623361653639373063303162386432363032353163393730632d36343077692e6a70679465757d942868074a4359030068085d94288c05666f746f73948c324e65772057726573746c657273202d204b6f205279752c2054696d6d792052696f7264616e20262042696c6c2042616b6572948c2c366130313931303431623361653639373063303162376338643563643831393730622d36343077692e6a70679465757d942868074ae47c030068085d94288c05666f746f73948c324e65772057726573746c657273202d204b6f205279752c2054696d6d792052696f7264616e20262042696c6c2042616b6572948c2c366130313931303431623361653639373063303162376337633338316236393730622d36343077692e6a70679465757d942868074a4382030068085d94288c05666f746f73948c1742696c6c2042616b6572202d2042656566792042696c6c948c2962696c6c5f62616b65722d303231332d706f7765726d656e2d6d7573636c657069742d31302e6a70679465757d942868074a5c9e030068085d94288c05666f746f73948c324e65772057726573746c657273202d204b6f205279752c2054696d6d792052696f7264616e20262042696c6c2042616b6572948c2c366130313931303431623361653639373063303162386432363032353137393730632d36343077692e6a70679465757d942868074a76a2030068085d94288c05666f746f73948c1742696c6c2042616b6572202d2042656566792042696c6c948c2962696c6c5f62616b65722d303231332d706f7765726d656e2d6d7573636c657069742d31352e6a70679465757d942868074adbac030068085d94288c05666f746f73948c1742696c6c2042616b6572202d2042656566792042696c6c948c2962696c6c5f62616b65722d303231332d706f7765726d656e2d6d7573636c657069742d31332e6a70679465757d942868074aade9030068085d94288c05666f746f73948c324e65772057726573746c657273202d204b6f205279752c2054696d6d792052696f7264616e20262042696c6c2042616b6572948c2c366130313931303431623361653639373063303162386432363032346637393730632d36343077692e6a70679465757d942868074a8b01040068085d94288c05666f746f73948c1742696c6c2042616b6572202d2042656566792042696c6c948c08737469636b657273948c0c737469636b6572352e706e679465757d942868074a3c0a040068085d94288c05666f746f73948c324e65772057726573746c657273202d204b6f205279752c2054696d6d792052696f7264616e20262042696c6c2042616b6572948c2c366130313931303431623361653639373063303162376337633338316266393730622d36343077692e6a70679465757d942868074a1117040068085d94288c05666f746f73948c1742696c6c2042616b6572202d2042656566792042696c6c948c08737469636b657273948c0c737469636b6572332e706e679465757d942868074aa141040068085d94288c05666f746f73948c1742696c6c2042616b6572202d2042656566792042696c6c948c08737469636b657273948c0c737469636b6572342e706e679465757d942868074a304b040068085d94288c05666f746f73948c324e65772057726573746c657273202d204b6f205279752c2054696d6d792052696f7264616e20262042696c6c2042616b6572948c2c366130313931303431623361653639373063303162623039373866323236393730642d36343077692e6a70679465757d942868074ad57c040068085d94288c05666f746f73948c1742696c6c2042616b6572202d2042656566792042696c6c948c2862696c6c5f62616b65722d303231332d706f7765726d656e2d6d7573636c657069742d382e6a70679465757d942868074a8dbf040068085d94288c05666f746f73948c324e65772057726573746c657273202d204b6f205279752c2054696d6d792052696f7264616e20262042696c6c2042616b6572948c2c366130313931303431623361653639373063303162386431346435613135393730632d36343077692e6a70679465757d942868074afccf040068085d94288c05666f746f73948c324e65772057726573746c657273202d204b6f205279752c2054696d6d792052696f7264616e20262042696c6c2042616b6572948c2c366130313931303431623361653639373063303162376338643563643534393730622d36343077692e6a70679465757d942868074af0d5040068085d94288c05666f746f73948c324e65772057726573746c657273202d204b6f205279752c2054696d6d792052696f7264616e20262042696c6c2042616b6572948c2c366130313931303431623361653639373063303162386431346435396639393730632d36343077692e6a70679465757d942868074a1cdc040068085d94288c05666f746f73948c324e65772057726573746c657273202d204b6f205279752c2054696d6d792052696f7264616e20262042696c6c2042616b6572948c2c366130313931303431623361653639373063303162623039373866323461393730642d36343077692e6a70679465757d942868074a5709050068085d94288c05666f746f73948c324e65772057726573746c657273202d204b6f205279752c2054696d6d792052696f7264616e20262042696c6c2042616b6572948c2c366130313931303431623361653639373063303162623038363763616265393730642d36343077692e6a70679465757d942868074a4520050068085d94288c05666f746f73948c1742696c6c2042616b6572202d2042656566792042696c6c948c2862696c6c5f62616b65722d303231332d706f7765726d656e2d6d7573636c657069742d322e6a70679465757d942868074a0134050068085d94288c05666f746f73948c1742696c6c2042616b6572202d2042656566792042696c6c948c2962696c6c5f62616b65722d303231332d706f7765726d656e2d6d7573636c657069742d31372e6a70679465757d942868074a1f57050068085d94288c05666f746f73948c324e65772057726573746c657273202d204b6f205279752c2054696d6d792052696f7264616e20262042696c6c2042616b6572948c2c366130313931303431623361653639373063303162623039373866323535393730642d36343077692e6a70679465757d942868074a6f8e050068085d94288c05666f746f73948c1742696c6c2042616b6572202d2042656566792042696c6c948c2962696c6c5f62616b65722d303231332d706f7765726d656e2d6d7573636c657069742d31312e6a70679465757d942868074a2ae0050068085d94288c05666f746f73948c1742696c6c2042616b6572202d2042656566792042696c6c948c08737469636b657273948c0c737469636b6572322e706e679465757d942868074ad349060068085d94288c05666f746f73948c1742696c6c2042616b6572202d2042656566792042696c6c948c2962696c6c5f62616b65722d303231332d706f7765726d656e2d6d7573636c657069742d31342e6a70679465757d942868074a0350060068085d94288c05666f746f73948c1742696c6c2042616b6572202d2042656566792042696c6c948c08737469636b657273948c0c737469636b6572362e706e679465757d942868074aa450060068085d94288c05666f746f73948c1742696c6c2042616b6572202d2042656566792042696c6c948c08737469636b657273948c0c737469636b6572312e706e679465757d942868074a778f060068085d94288c05666f746f73948c1742696c6c2042616b6572202d2042656566792042696c6c948c2662696c6c5f62616b65722d303231332d706f7765726d656e2d6d7573636c657069742e6a70679465757d942868074a84b2060068085d94288c05666f746f73948c1742696c6c2042616b6572202d2042656566792042696c6c948c2962696c6c5f62616b65722d303231332d706f7765726d656e2d6d7573636c657069742d31322e6a70679465757d942868074a1c19080068085d94288c05666f746f73948c1742696c6c2042616b6572202d2042656566792042696c6c948c2862696c6c5f62616b65722d303231332d706f7765726d656e2d6d7573636c657069742d342e6a70679465757d942868074afd4f090068085d94288c05666f746f73948c1742696c6c2042616b6572202d2042656566792042696c6c948c2862696c6c5f62616b65722d303231332d706f7765726d656e2d6d7573636c657069742d362e6a70679465757d942868074af2690a0068085d94288c05666f746f73948c1742696c6c2042616b6572202d2042656566792042696c6c948c2862696c6c5f62616b65722d303231332d706f7765726d656e2d6d7573636c657069742d352e6a70679465757d942868074ac10e961368085d94288c06766964656f73948c1042696c6c2042616b657220332e776d769465757d942868074a6bf64e1768085d94288c06766964656f73948c3242696c6c2042616b6572202620446965676f20456c20506f74726f202d204d7573636c652047726170706c6572732e776d769465757d942868074aade60a3168085d94288c06766964656f73948c11504d2d42696c6c2042616b65722e776d769465757d942868074adad5fc3768085d94288c06766964656f73948c1c6d7573636c6568756e6b735f62696c6c5f62616b65725f322e776d769465757d942868074ab4fbef5468085d94288c06766964656f73948c264b6f205279752c2042696c6c2042616b657220262054696d6d792052696f7264616e2e776d7694657565752e', '2022-02-16 21:05:42.127633', 1, 4, 0, '2022-02-20 17:22:29.762119', 'admin', 'null');


--
-- Data for Name: user; Type: TABLE DATA; Schema: user; Owner: postgres
--

INSERT INTO "user"."user" (id, username, password, email, passkey, uploaded, downloaded, user_create, date_create, status, user_modifier, date_modifier) VALUES (2, 'admin', '6a1260ad7f92f3b43842b8667ea54f0fa8e0a2ee', 'badboyhot001@gmail.com', 'PzIrrEiDeTsbvOij', 3931652609, 0, 'free', '2022-02-16 12:49:13.83643', 'active', NULL, NULL);
INSERT INTO "user"."user" (id, username, password, email, passkey, uploaded, downloaded, user_create, date_create, status, user_modifier, date_modifier) VALUES (1, 'mdenis', 'da82a156103a85b12daeed7c41c320b25f2f90f9', 'mdrm016@gmail.com', 'rqFejGvhquNylFAN', 787776908, 3925754369, 'free', '2022-02-12 10:40:06.247325', 'active', NULL, NULL);


--
-- Data for Name: peers; Type: TABLE DATA; Schema: torrent; Owner: postgres
--

INSERT INTO torrent.peers (id, peer_id, torrent_id, user_id, ip, port, active, uploaded, downloaded, uploaded_total, downloaded_total, seeding) VALUES (10, '2d5554333533532d3ad8cee3bccf1784c406f11', 15, 2, '192.168.100.77', 38374, false, 0, 0, 0, 0, true);
INSERT INTO torrent.peers (id, peer_id, torrent_id, user_id, ip, port, active, uploaded, downloaded, uploaded_total, downloaded_total, seeding) VALUES (8, '2d5554333535572d78b48046b18ca0a3b37f4a82', 15, 1, '192.168.100.21', 28681, true, 0, 3925754369, 0, 3925754369, true);
INSERT INTO torrent.peers (id, peer_id, torrent_id, user_id, ip, port, active, uploaded, downloaded, uploaded_total, downloaded_total, seeding) VALUES (7, '2d5554333533532d3ad92713e8329e0c0022079', 15, 2, '192.168.100.51', 19175, true, 3931652609, 0, 3931652609, 0, true);
INSERT INTO torrent.peers (id, peer_id, torrent_id, user_id, ip, port, active, uploaded, downloaded, uploaded_total, downloaded_total, seeding) VALUES (9, '2d5554333535572d78b427b80271093c096d4a82', 15, 1, '192.168.100.21', 28681, true, 0, 0, 0, 0, true);
INSERT INTO torrent.peers (id, peer_id, torrent_id, user_id, ip, port, active, uploaded, downloaded, uploaded_total, downloaded_total, seeding) VALUES (11, '2d5554333535572d42b4f8246cc4279c33efd1f3', 17, 1, '192.168.100.16', 10066, true, 787776908, 0, 787776908, 0, true);
INSERT INTO torrent.peers (id, peer_id, torrent_id, user_id, ip, port, active, uploaded, downloaded, uploaded_total, downloaded_total, seeding) VALUES (12, '2d5554333533532d3ad8567eabe6cd86bbbb17', 15, 2, '192.168.100.77', 54876, true, 0, 0, 0, 0, true);


--
-- Name: peers_id_seq; Type: SEQUENCE SET; Schema: torrent; Owner: postgres
--

SELECT pg_catalog.setval('torrent.peers_id_seq', 12, true);


--
-- Data for Name: torrent_category; Type: TABLE DATA; Schema: torrent; Owner: postgres
--

INSERT INTO torrent.torrent_category (id, torrent_id, category_id, principal) VALUES (37, 15, 19, false);
INSERT INTO torrent.torrent_category (id, torrent_id, category_id, principal) VALUES (38, 15, 20, false);
INSERT INTO torrent.torrent_category (id, torrent_id, category_id, principal) VALUES (39, 15, 17, false);
INSERT INTO torrent.torrent_category (id, torrent_id, category_id, principal) VALUES (40, 15, 18, false);
INSERT INTO torrent.torrent_category (id, torrent_id, category_id, principal) VALUES (36, 15, 16, true);
INSERT INTO torrent.torrent_category (id, torrent_id, category_id, principal) VALUES (41, 16, 21, false);
INSERT INTO torrent.torrent_category (id, torrent_id, category_id, principal) VALUES (43, 16, 18, false);
INSERT INTO torrent.torrent_category (id, torrent_id, category_id, principal) VALUES (44, 16, 17, false);
INSERT INTO torrent.torrent_category (id, torrent_id, category_id, principal) VALUES (45, 16, 20, false);
INSERT INTO torrent.torrent_category (id, torrent_id, category_id, principal) VALUES (42, 16, 16, true);
INSERT INTO torrent.torrent_category (id, torrent_id, category_id, principal) VALUES (47, 17, 19, false);
INSERT INTO torrent.torrent_category (id, torrent_id, category_id, principal) VALUES (48, 17, 20, false);
INSERT INTO torrent.torrent_category (id, torrent_id, category_id, principal) VALUES (49, 17, 17, false);
INSERT INTO torrent.torrent_category (id, torrent_id, category_id, principal) VALUES (46, 17, 16, true);


--
-- Name: torrent_category_id_seq; Type: SEQUENCE SET; Schema: torrent; Owner: postgres
--

SELECT pg_catalog.setval('torrent.torrent_category_id_seq', 49, true);


--
-- Data for Name: torrent_file; Type: TABLE DATA; Schema: torrent; Owner: postgres
--

INSERT INTO torrent.torrent_file (id, torrent_id, module, file_name, mime_type, path, user_create, date_create, principal) VALUES (569, 15, 'TORRENT', 'Bill Baker (Oscar Zaracho PY).torrent', 'application/x-bittorrent', 'static\storage\2022\02\16\f824a1f9740439cf1f5fba318885048b\TORRENT\Bill_Baker_Oscar_Zaracho_PY_20220216_210542_127633.torrent', 'admin', '2022-02-16 21:05:42.127633', true);
INSERT INTO torrent.torrent_file (id, torrent_id, module, file_name, mime_type, path, user_create, date_create, principal) VALUES (570, 15, 'IMAGE', '6a0191041b3ae6970c01b7c7c381b6970b-640wi.jpg', 'image/jpeg', 'static\storage\2022\02\16\f824a1f9740439cf1f5fba318885048b\IMAGE\6a0191041b3ae6970c01b7c7c381b6970b-640wi_20220216_210542_149594.jpg', 'admin', '2022-02-16 21:05:42.127633', true);
INSERT INTO torrent.torrent_file (id, torrent_id, module, file_name, mime_type, path, user_create, date_create, principal) VALUES (571, 15, 'IMAGE', '6a0191041b3ae6970c01b7c7c381bf970b-640wi.jpg', 'image/jpeg', 'static\storage\2022\02\16\f824a1f9740439cf1f5fba318885048b\IMAGE\6a0191041b3ae6970c01b7c7c381bf970b-640wi_20220216_210542_151567.jpg', 'admin', '2022-02-16 21:05:42.127633', false);
INSERT INTO torrent.torrent_file (id, torrent_id, module, file_name, mime_type, path, user_create, date_create, principal) VALUES (572, 15, 'IMAGE', '6a0191041b3ae6970c01b7c8d5cd7c970b-640wi.jpg', 'image/jpeg', 'static\storage\2022\02\16\f824a1f9740439cf1f5fba318885048b\IMAGE\6a0191041b3ae6970c01b7c8d5cd7c970b-640wi_20220216_210542_153573.jpg', 'admin', '2022-02-16 21:05:42.127633', false);
INSERT INTO torrent.torrent_file (id, torrent_id, module, file_name, mime_type, path, user_create, date_create, principal) VALUES (573, 15, 'IMAGE', '6a0191041b3ae6970c01b7c8d5cd54970b-640wi.jpg', 'image/jpeg', 'static\storage\2022\02\16\f824a1f9740439cf1f5fba318885048b\IMAGE\6a0191041b3ae6970c01b7c8d5cd54970b-640wi_20220216_210542_155559.jpg', 'admin', '2022-02-16 21:05:42.127633', false);
INSERT INTO torrent.torrent_file (id, torrent_id, module, file_name, mime_type, path, user_create, date_create, principal) VALUES (574, 15, 'IMAGE', '6a0191041b3ae6970c01b7c8d5cd81970b-640wi.jpg', 'image/jpeg', 'static\storage\2022\02\16\f824a1f9740439cf1f5fba318885048b\IMAGE\6a0191041b3ae6970c01b7c8d5cd81970b-640wi_20220216_210542_157552.jpg', 'admin', '2022-02-16 21:05:42.127633', false);
INSERT INTO torrent.torrent_file (id, torrent_id, module, file_name, mime_type, path, user_create, date_create, principal) VALUES (575, 15, 'IMAGE', '6a0191041b3ae6970c01b8d14d5a15970c-640wi.jpg', 'image/jpeg', 'static\storage\2022\02\16\f824a1f9740439cf1f5fba318885048b\IMAGE\6a0191041b3ae6970c01b8d14d5a15970c-640wi_20220216_210542_159549.jpg', 'admin', '2022-02-16 21:05:42.127633', false);
INSERT INTO torrent.torrent_file (id, torrent_id, module, file_name, mime_type, path, user_create, date_create, principal) VALUES (576, 15, 'IMAGE', '6a0191041b3ae6970c01b8d14d59f9970c-640wi.jpg', 'image/jpeg', 'static\storage\2022\02\16\f824a1f9740439cf1f5fba318885048b\IMAGE\6a0191041b3ae6970c01b8d14d59f9970c-640wi_20220216_210542_161542.jpg', 'admin', '2022-02-16 21:05:42.127633', false);
INSERT INTO torrent.torrent_file (id, torrent_id, module, file_name, mime_type, path, user_create, date_create, principal) VALUES (577, 15, 'IMAGE', '6a0191041b3ae6970c01b8d26024f7970c-640wi.jpg', 'image/jpeg', 'static\storage\2022\02\16\f824a1f9740439cf1f5fba318885048b\IMAGE\6a0191041b3ae6970c01b8d26024f7970c-640wi_20220216_210542_163536.jpg', 'admin', '2022-02-16 21:05:42.127633', false);
INSERT INTO torrent.torrent_file (id, torrent_id, module, file_name, mime_type, path, user_create, date_create, principal) VALUES (578, 15, 'IMAGE', '6a0191041b3ae6970c01b8d260251c970c-640wi.jpg', 'image/jpeg', 'static\storage\2022\02\16\f824a1f9740439cf1f5fba318885048b\IMAGE\6a0191041b3ae6970c01b8d260251c970c-640wi_20220216_210542_165531.jpg', 'admin', '2022-02-16 21:05:42.127633', false);
INSERT INTO torrent.torrent_file (id, torrent_id, module, file_name, mime_type, path, user_create, date_create, principal) VALUES (579, 15, 'IMAGE', '6a0191041b3ae6970c01b8d2602517970c-640wi.jpg', 'image/jpeg', 'static\storage\2022\02\16\f824a1f9740439cf1f5fba318885048b\IMAGE\6a0191041b3ae6970c01b8d2602517970c-640wi_20220216_210542_166528.jpg', 'admin', '2022-02-16 21:05:42.127633', false);
INSERT INTO torrent.torrent_file (id, torrent_id, module, file_name, mime_type, path, user_create, date_create, principal) VALUES (580, 15, 'IMAGE', '6a0191041b3ae6970c01bb0867cabe970d-640wi.jpg', 'image/jpeg', 'static\storage\2022\02\16\f824a1f9740439cf1f5fba318885048b\IMAGE\6a0191041b3ae6970c01bb0867cabe970d-640wi_20220216_210542_168523.jpg', 'admin', '2022-02-16 21:05:42.127633', false);
INSERT INTO torrent.torrent_file (id, torrent_id, module, file_name, mime_type, path, user_create, date_create, principal) VALUES (581, 15, 'IMAGE', '6a0191041b3ae6970c01bb0978f24a970d-640wi.jpg', 'image/jpeg', 'static\storage\2022\02\16\f824a1f9740439cf1f5fba318885048b\IMAGE\6a0191041b3ae6970c01bb0978f24a970d-640wi_20220216_210542_169519.jpg', 'admin', '2022-02-16 21:05:42.127633', false);
INSERT INTO torrent.torrent_file (id, torrent_id, module, file_name, mime_type, path, user_create, date_create, principal) VALUES (582, 15, 'IMAGE', '6a0191041b3ae6970c01bb0978f25b970d-320wi.jpg', 'image/jpeg', 'static\storage\2022\02\16\f824a1f9740439cf1f5fba318885048b\IMAGE\6a0191041b3ae6970c01bb0978f25b970d-320wi_20220216_210542_171515.jpg', 'admin', '2022-02-16 21:05:42.127633', false);
INSERT INTO torrent.torrent_file (id, torrent_id, module, file_name, mime_type, path, user_create, date_create, principal) VALUES (583, 15, 'IMAGE', '6a0191041b3ae6970c01bb0978f226970d-640wi.jpg', 'image/jpeg', 'static\storage\2022\02\16\f824a1f9740439cf1f5fba318885048b\IMAGE\6a0191041b3ae6970c01bb0978f226970d-640wi_20220216_210542_173510.jpg', 'admin', '2022-02-16 21:05:42.127633', false);
INSERT INTO torrent.torrent_file (id, torrent_id, module, file_name, mime_type, path, user_create, date_create, principal) VALUES (584, 15, 'IMAGE', '6a0191041b3ae6970c01bb0978f255970d-640wi.jpg', 'image/jpeg', 'static\storage\2022\02\16\f824a1f9740439cf1f5fba318885048b\IMAGE\6a0191041b3ae6970c01bb0978f255970d-640wi_20220216_210542_175505.jpg', 'admin', '2022-02-16 21:05:42.127633', false);
INSERT INTO torrent.torrent_file (id, torrent_id, module, file_name, mime_type, path, user_create, date_create, principal) VALUES (585, 15, 'IMAGE', '01119976.jpg', 'image/jpeg', 'static\storage\2022\02\16\f824a1f9740439cf1f5fba318885048b\IMAGE\01119976_20220216_210542_177516.jpg', 'admin', '2022-02-16 21:05:42.127633', false);
INSERT INTO torrent.torrent_file (id, torrent_id, module, file_name, mime_type, path, user_create, date_create, principal) VALUES (586, 16, 'TORRENT', 'muscle590.mp4.torrent', 'application/x-bittorrent', 'static\storage\2022\02\16\bed96c8e4b1add2681a996b39cd6c5e8\TORRENT\muscle590.mp4_20220216_232834_650216.torrent', 'mdenis', '2022-02-16 23:28:34.650216', true);
INSERT INTO torrent.torrent_file (id, torrent_id, module, file_name, mime_type, path, user_create, date_create, principal) VALUES (587, 16, 'IMAGE', '  (1).jpg', 'image/jpeg', 'static\storage\2022\02\16\bed96c8e4b1add2681a996b39cd6c5e8\IMAGE\1_20220216_232834_658195.jpg', 'mdenis', '2022-02-16 23:28:34.650216', true);
INSERT INTO torrent.torrent_file (id, torrent_id, module, file_name, mime_type, path, user_create, date_create, principal) VALUES (588, 16, 'IMAGE', '  (2).jpg', 'image/jpeg', 'static\storage\2022\02\16\bed96c8e4b1add2681a996b39cd6c5e8\IMAGE\2_20220216_232834_660190.jpg', 'mdenis', '2022-02-16 23:28:34.650216', false);
INSERT INTO torrent.torrent_file (id, torrent_id, module, file_name, mime_type, path, user_create, date_create, principal) VALUES (589, 16, 'IMAGE', '  (3).jpg', 'image/jpeg', 'static\storage\2022\02\16\bed96c8e4b1add2681a996b39cd6c5e8\IMAGE\3_20220216_232834_661187.jpg', 'mdenis', '2022-02-16 23:28:34.650216', false);
INSERT INTO torrent.torrent_file (id, torrent_id, module, file_name, mime_type, path, user_create, date_create, principal) VALUES (590, 16, 'IMAGE', '  (4).jpg', 'image/jpeg', 'static\storage\2022\02\16\bed96c8e4b1add2681a996b39cd6c5e8\IMAGE\4_20220216_232834_663187.jpg', 'mdenis', '2022-02-16 23:28:34.650216', false);
INSERT INTO torrent.torrent_file (id, torrent_id, module, file_name, mime_type, path, user_create, date_create, principal) VALUES (591, 16, 'IMAGE', '  (5).jpg', 'image/jpeg', 'static\storage\2022\02\16\bed96c8e4b1add2681a996b39cd6c5e8\IMAGE\5_20220216_232834_664185.jpg', 'mdenis', '2022-02-16 23:28:34.650216', false);
INSERT INTO torrent.torrent_file (id, torrent_id, module, file_name, mime_type, path, user_create, date_create, principal) VALUES (592, 16, 'IMAGE', '  (6).jpg', 'image/jpeg', 'static\storage\2022\02\16\bed96c8e4b1add2681a996b39cd6c5e8\IMAGE\6_20220216_232834_665177.jpg', 'mdenis', '2022-02-16 23:28:34.650216', false);
INSERT INTO torrent.torrent_file (id, torrent_id, module, file_name, mime_type, path, user_create, date_create, principal) VALUES (593, 16, 'IMAGE', '  (7).jpg', 'image/jpeg', 'static\storage\2022\02\16\bed96c8e4b1add2681a996b39cd6c5e8\IMAGE\7_20220216_232834_667170.jpg', 'mdenis', '2022-02-16 23:28:34.650216', false);
INSERT INTO torrent.torrent_file (id, torrent_id, module, file_name, mime_type, path, user_create, date_create, principal) VALUES (594, 16, 'IMAGE', '  (8).jpg', 'image/jpeg', 'static\storage\2022\02\16\bed96c8e4b1add2681a996b39cd6c5e8\IMAGE\8_20220216_232834_668169.jpg', 'mdenis', '2022-02-16 23:28:34.650216', false);
INSERT INTO torrent.torrent_file (id, torrent_id, module, file_name, mime_type, path, user_create, date_create, principal) VALUES (595, 16, 'IMAGE', '  (9).jpg', 'image/jpeg', 'static\storage\2022\02\16\bed96c8e4b1add2681a996b39cd6c5e8\IMAGE\9_20220216_232834_669165.jpg', 'mdenis', '2022-02-16 23:28:34.650216', false);
INSERT INTO torrent.torrent_file (id, torrent_id, module, file_name, mime_type, path, user_create, date_create, principal) VALUES (596, 16, 'IMAGE', '  (10).jpg', 'image/jpeg', 'static\storage\2022\02\16\bed96c8e4b1add2681a996b39cd6c5e8\IMAGE\10_20220216_232834_670164.jpg', 'mdenis', '2022-02-16 23:28:34.650216', false);
INSERT INTO torrent.torrent_file (id, torrent_id, module, file_name, mime_type, path, user_create, date_create, principal) VALUES (597, 16, 'IMAGE', '  (11).jpg', 'image/jpeg', 'static\storage\2022\02\16\bed96c8e4b1add2681a996b39cd6c5e8\IMAGE\11_20220216_232834_672158.jpg', 'mdenis', '2022-02-16 23:28:34.650216', false);
INSERT INTO torrent.torrent_file (id, torrent_id, module, file_name, mime_type, path, user_create, date_create, principal) VALUES (598, 16, 'IMAGE', '  (12).jpg', 'image/jpeg', 'static\storage\2022\02\16\bed96c8e4b1add2681a996b39cd6c5e8\IMAGE\12_20220216_232834_673156.jpg', 'mdenis', '2022-02-16 23:28:34.650216', false);
INSERT INTO torrent.torrent_file (id, torrent_id, module, file_name, mime_type, path, user_create, date_create, principal) VALUES (599, 16, 'IMAGE', '  (13).jpg', 'image/jpeg', 'static\storage\2022\02\16\bed96c8e4b1add2681a996b39cd6c5e8\IMAGE\13_20220216_232834_674054.jpg', 'mdenis', '2022-02-16 23:28:34.650216', false);
INSERT INTO torrent.torrent_file (id, torrent_id, module, file_name, mime_type, path, user_create, date_create, principal) VALUES (600, 16, 'IMAGE', '  (14).jpg', 'image/jpeg', 'static\storage\2022\02\16\bed96c8e4b1add2681a996b39cd6c5e8\IMAGE\14_20220216_232834_675054.jpg', 'mdenis', '2022-02-16 23:28:34.650216', false);
INSERT INTO torrent.torrent_file (id, torrent_id, module, file_name, mime_type, path, user_create, date_create, principal) VALUES (601, 16, 'IMAGE', '  (15).jpg', 'image/jpeg', 'static\storage\2022\02\16\bed96c8e4b1add2681a996b39cd6c5e8\IMAGE\15_20220216_232834_676053.jpg', 'mdenis', '2022-02-16 23:28:34.650216', false);
INSERT INTO torrent.torrent_file (id, torrent_id, module, file_name, mime_type, path, user_create, date_create, principal) VALUES (602, 16, 'IMAGE', '  (16).jpg', 'image/jpeg', 'static\storage\2022\02\16\bed96c8e4b1add2681a996b39cd6c5e8\IMAGE\16_20220216_232834_677048.jpg', 'mdenis', '2022-02-16 23:28:34.650216', false);
INSERT INTO torrent.torrent_file (id, torrent_id, module, file_name, mime_type, path, user_create, date_create, principal) VALUES (603, 16, 'IMAGE', '  (17).jpg', 'image/jpeg', 'static\storage\2022\02\16\bed96c8e4b1add2681a996b39cd6c5e8\IMAGE\17_20220216_232834_678046.jpg', 'mdenis', '2022-02-16 23:28:34.650216', false);
INSERT INTO torrent.torrent_file (id, torrent_id, module, file_name, mime_type, path, user_create, date_create, principal) VALUES (604, 16, 'IMAGE', '  (18).jpg', 'image/jpeg', 'static\storage\2022\02\16\bed96c8e4b1add2681a996b39cd6c5e8\IMAGE\18_20220216_232834_680041.jpg', 'mdenis', '2022-02-16 23:28:34.650216', false);
INSERT INTO torrent.torrent_file (id, torrent_id, module, file_name, mime_type, path, user_create, date_create, principal) VALUES (605, 16, 'IMAGE', '  (19).jpg', 'image/jpeg', 'static\storage\2022\02\16\bed96c8e4b1add2681a996b39cd6c5e8\IMAGE\19_20220216_232834_681029.jpg', 'mdenis', '2022-02-16 23:28:34.650216', false);
INSERT INTO torrent.torrent_file (id, torrent_id, module, file_name, mime_type, path, user_create, date_create, principal) VALUES (606, 16, 'IMAGE', '  (20).jpg', 'image/jpeg', 'static\storage\2022\02\16\bed96c8e4b1add2681a996b39cd6c5e8\IMAGE\20_20220216_232834_682030.jpg', 'mdenis', '2022-02-16 23:28:34.650216', false);
INSERT INTO torrent.torrent_file (id, torrent_id, module, file_name, mime_type, path, user_create, date_create, principal) VALUES (607, 16, 'IMAGE', '  (21).jpg', 'image/jpeg', 'static\storage\2022\02\16\bed96c8e4b1add2681a996b39cd6c5e8\IMAGE\21_20220216_232834_683170.jpg', 'mdenis', '2022-02-16 23:28:34.650216', false);
INSERT INTO torrent.torrent_file (id, torrent_id, module, file_name, mime_type, path, user_create, date_create, principal) VALUES (608, 16, 'IMAGE', '  (22).jpg', 'image/jpeg', 'static\storage\2022\02\16\bed96c8e4b1add2681a996b39cd6c5e8\IMAGE\22_20220216_232834_684169.jpg', 'mdenis', '2022-02-16 23:28:34.650216', false);
INSERT INTO torrent.torrent_file (id, torrent_id, module, file_name, mime_type, path, user_create, date_create, principal) VALUES (609, 16, 'IMAGE', '  (23).jpg', 'image/jpeg', 'static\storage\2022\02\16\bed96c8e4b1add2681a996b39cd6c5e8\IMAGE\23_20220216_232834_685171.jpg', 'mdenis', '2022-02-16 23:28:34.650216', false);
INSERT INTO torrent.torrent_file (id, torrent_id, module, file_name, mime_type, path, user_create, date_create, principal) VALUES (610, 16, 'IMAGE', '  (24).jpg', 'image/jpeg', 'static\storage\2022\02\16\bed96c8e4b1add2681a996b39cd6c5e8\IMAGE\24_20220216_232834_686181.jpg', 'mdenis', '2022-02-16 23:28:34.650216', false);
INSERT INTO torrent.torrent_file (id, torrent_id, module, file_name, mime_type, path, user_create, date_create, principal) VALUES (611, 16, 'IMAGE', '  (25).jpg', 'image/jpeg', 'static\storage\2022\02\16\bed96c8e4b1add2681a996b39cd6c5e8\IMAGE\25_20220216_232834_687162.jpg', 'mdenis', '2022-02-16 23:28:34.650216', false);
INSERT INTO torrent.torrent_file (id, torrent_id, module, file_name, mime_type, path, user_create, date_create, principal) VALUES (612, 16, 'IMAGE', '  (26).jpg', 'image/jpeg', 'static\storage\2022\02\16\bed96c8e4b1add2681a996b39cd6c5e8\IMAGE\26_20220216_232834_688158.jpg', 'mdenis', '2022-02-16 23:28:34.650216', false);
INSERT INTO torrent.torrent_file (id, torrent_id, module, file_name, mime_type, path, user_create, date_create, principal) VALUES (613, 16, 'IMAGE', '  (27).jpg', 'image/jpeg', 'static\storage\2022\02\16\bed96c8e4b1add2681a996b39cd6c5e8\IMAGE\27_20220216_232834_689505.jpg', 'mdenis', '2022-02-16 23:28:34.650216', false);
INSERT INTO torrent.torrent_file (id, torrent_id, module, file_name, mime_type, path, user_create, date_create, principal) VALUES (614, 16, 'IMAGE', '  (28).jpg', 'image/jpeg', 'static\storage\2022\02\16\bed96c8e4b1add2681a996b39cd6c5e8\IMAGE\28_20220216_232834_690547.jpg', 'mdenis', '2022-02-16 23:28:34.650216', false);
INSERT INTO torrent.torrent_file (id, torrent_id, module, file_name, mime_type, path, user_create, date_create, principal) VALUES (615, 17, 'TORRENT', 'Enzo MH.torrent', 'application/x-bittorrent', 'static\storage\2022\02\18\3c68f08f69bff2f70a442889dd865bd1\TORRENT\Enzo_MH_20220218_200316_722551.torrent', 'mdenis', '2022-02-18 20:03:16.722551', true);
INSERT INTO torrent.torrent_file (id, torrent_id, module, file_name, mime_type, path, user_create, date_create, principal) VALUES (616, 17, 'IMAGE', 'enzo_pileri2A001.jpg', 'image/jpeg', 'static\storage\2022\02\18\3c68f08f69bff2f70a442889dd865bd1\IMAGE\enzo_pileri2A001_20220218_200316_745018.jpg', 'mdenis', '2022-02-18 20:03:16.722551', true);
INSERT INTO torrent.torrent_file (id, torrent_id, module, file_name, mime_type, path, user_create, date_create, principal) VALUES (617, 17, 'IMAGE', 'enzo_pileri2A002.jpg', 'image/jpeg', 'static\storage\2022\02\18\3c68f08f69bff2f70a442889dd865bd1\IMAGE\enzo_pileri2A002_20220218_200316_746939.jpg', 'mdenis', '2022-02-18 20:03:16.722551', false);
INSERT INTO torrent.torrent_file (id, torrent_id, module, file_name, mime_type, path, user_create, date_create, principal) VALUES (618, 17, 'IMAGE', 'enzo_pileri2A003.jpg', 'image/jpeg', 'static\storage\2022\02\18\3c68f08f69bff2f70a442889dd865bd1\IMAGE\enzo_pileri2A003_20220218_200316_748890.jpg', 'mdenis', '2022-02-18 20:03:16.722551', false);
INSERT INTO torrent.torrent_file (id, torrent_id, module, file_name, mime_type, path, user_create, date_create, principal) VALUES (619, 17, 'IMAGE', 'enzo_pileri2A004.jpg', 'image/jpeg', 'static\storage\2022\02\18\3c68f08f69bff2f70a442889dd865bd1\IMAGE\enzo_pileri2A004_20220218_200316_750842.jpg', 'mdenis', '2022-02-18 20:03:16.722551', false);
INSERT INTO torrent.torrent_file (id, torrent_id, module, file_name, mime_type, path, user_create, date_create, principal) VALUES (620, 17, 'IMAGE', 'enzo_pileri2A005.jpg', 'image/jpeg', 'static\storage\2022\02\18\3c68f08f69bff2f70a442889dd865bd1\IMAGE\enzo_pileri2A005_20220218_200316_751819.jpg', 'mdenis', '2022-02-18 20:03:16.722551', false);
INSERT INTO torrent.torrent_file (id, torrent_id, module, file_name, mime_type, path, user_create, date_create, principal) VALUES (621, 17, 'IMAGE', 'enzo_pileri2A006.jpg', 'image/jpeg', 'static\storage\2022\02\18\3c68f08f69bff2f70a442889dd865bd1\IMAGE\enzo_pileri2A006_20220218_200316_753771.jpg', 'mdenis', '2022-02-18 20:03:16.722551', false);
INSERT INTO torrent.torrent_file (id, torrent_id, module, file_name, mime_type, path, user_create, date_create, principal) VALUES (622, 17, 'IMAGE', 'enzo_pileri2A007.jpg', 'image/jpeg', 'static\storage\2022\02\18\3c68f08f69bff2f70a442889dd865bd1\IMAGE\enzo_pileri2A007_20220218_200316_755722.jpg', 'mdenis', '2022-02-18 20:03:16.722551', false);
INSERT INTO torrent.torrent_file (id, torrent_id, module, file_name, mime_type, path, user_create, date_create, principal) VALUES (623, 17, 'IMAGE', 'enzo_pileri2A008.jpg', 'image/jpeg', 'static\storage\2022\02\18\3c68f08f69bff2f70a442889dd865bd1\IMAGE\enzo_pileri2A008_20220218_200316_757676.jpg', 'mdenis', '2022-02-18 20:03:16.722551', false);
INSERT INTO torrent.torrent_file (id, torrent_id, module, file_name, mime_type, path, user_create, date_create, principal) VALUES (624, 17, 'IMAGE', 'enzo_pileri2A009.jpg', 'image/jpeg', 'static\storage\2022\02\18\3c68f08f69bff2f70a442889dd865bd1\IMAGE\enzo_pileri2A009_20220218_200316_759626.jpg', 'mdenis', '2022-02-18 20:03:16.722551', false);
INSERT INTO torrent.torrent_file (id, torrent_id, module, file_name, mime_type, path, user_create, date_create, principal) VALUES (625, 17, 'IMAGE', 'enzo_pileri2A010.jpg', 'image/jpeg', 'static\storage\2022\02\18\3c68f08f69bff2f70a442889dd865bd1\IMAGE\enzo_pileri2A010_20220218_200316_761578.jpg', 'mdenis', '2022-02-18 20:03:16.722551', false);
INSERT INTO torrent.torrent_file (id, torrent_id, module, file_name, mime_type, path, user_create, date_create, principal) VALUES (626, 17, 'IMAGE', 'enzo_pileri2A011.jpg', 'image/jpeg', 'static\storage\2022\02\18\3c68f08f69bff2f70a442889dd865bd1\IMAGE\enzo_pileri2A011_20220218_200316_763532.jpg', 'mdenis', '2022-02-18 20:03:16.722551', false);
INSERT INTO torrent.torrent_file (id, torrent_id, module, file_name, mime_type, path, user_create, date_create, principal) VALUES (627, 17, 'IMAGE', 'enzo_pileri2A012.jpg', 'image/jpeg', 'static\storage\2022\02\18\3c68f08f69bff2f70a442889dd865bd1\IMAGE\enzo_pileri2A012_20220218_200316_765482.jpg', 'mdenis', '2022-02-18 20:03:16.722551', false);
INSERT INTO torrent.torrent_file (id, torrent_id, module, file_name, mime_type, path, user_create, date_create, principal) VALUES (628, 17, 'IMAGE', 'enzo_pileri2A013.jpg', 'image/jpeg', 'static\storage\2022\02\18\3c68f08f69bff2f70a442889dd865bd1\IMAGE\enzo_pileri2A013_20220218_200316_767434.jpg', 'mdenis', '2022-02-18 20:03:16.722551', false);
INSERT INTO torrent.torrent_file (id, torrent_id, module, file_name, mime_type, path, user_create, date_create, principal) VALUES (629, 17, 'IMAGE', 'enzo_pileri2A014.jpg', 'image/jpeg', 'static\storage\2022\02\18\3c68f08f69bff2f70a442889dd865bd1\IMAGE\enzo_pileri2A014_20220218_200316_769386.jpg', 'mdenis', '2022-02-18 20:03:16.722551', false);
INSERT INTO torrent.torrent_file (id, torrent_id, module, file_name, mime_type, path, user_create, date_create, principal) VALUES (630, 17, 'IMAGE', 'enzo_pileri2A015.jpg', 'image/jpeg', 'static\storage\2022\02\18\3c68f08f69bff2f70a442889dd865bd1\IMAGE\enzo_pileri2A015_20220218_200316_771339.jpg', 'mdenis', '2022-02-18 20:03:16.722551', false);
INSERT INTO torrent.torrent_file (id, torrent_id, module, file_name, mime_type, path, user_create, date_create, principal) VALUES (631, 17, 'IMAGE', 'enzo_pileri2A016.jpg', 'image/jpeg', 'static\storage\2022\02\18\3c68f08f69bff2f70a442889dd865bd1\IMAGE\enzo_pileri2A016_20220218_200316_772314.jpg', 'mdenis', '2022-02-18 20:03:16.722551', false);
INSERT INTO torrent.torrent_file (id, torrent_id, module, file_name, mime_type, path, user_create, date_create, principal) VALUES (632, 17, 'IMAGE', 'enzo_pileri2A017.jpg', 'image/jpeg', 'static\storage\2022\02\18\3c68f08f69bff2f70a442889dd865bd1\IMAGE\enzo_pileri2A017_20220218_200316_775242.jpg', 'mdenis', '2022-02-18 20:03:16.722551', false);
INSERT INTO torrent.torrent_file (id, torrent_id, module, file_name, mime_type, path, user_create, date_create, principal) VALUES (633, 17, 'IMAGE', 'enzo_pileri2A018.jpg', 'image/jpeg', 'static\storage\2022\02\18\3c68f08f69bff2f70a442889dd865bd1\IMAGE\enzo_pileri2A018_20220218_200316_776221.jpg', 'mdenis', '2022-02-18 20:03:16.722551', false);
INSERT INTO torrent.torrent_file (id, torrent_id, module, file_name, mime_type, path, user_create, date_create, principal) VALUES (634, 17, 'IMAGE', 'enzo_pileri2A019.jpg', 'image/jpeg', 'static\storage\2022\02\18\3c68f08f69bff2f70a442889dd865bd1\IMAGE\enzo_pileri2A019_20220218_200316_778170.jpg', 'mdenis', '2022-02-18 20:03:16.722551', false);
INSERT INTO torrent.torrent_file (id, torrent_id, module, file_name, mime_type, path, user_create, date_create, principal) VALUES (635, 17, 'IMAGE', 'enzo_pileri2A020.jpg', 'image/jpeg', 'static\storage\2022\02\18\3c68f08f69bff2f70a442889dd865bd1\IMAGE\enzo_pileri2A020_20220218_200316_780123.jpg', 'mdenis', '2022-02-18 20:03:16.722551', false);
INSERT INTO torrent.torrent_file (id, torrent_id, module, file_name, mime_type, path, user_create, date_create, principal) VALUES (636, 17, 'IMAGE', 'enzo_pileri2A021.jpg', 'image/jpeg', 'static\storage\2022\02\18\3c68f08f69bff2f70a442889dd865bd1\IMAGE\enzo_pileri2A021_20220218_200316_782074.jpg', 'mdenis', '2022-02-18 20:03:16.722551', false);
INSERT INTO torrent.torrent_file (id, torrent_id, module, file_name, mime_type, path, user_create, date_create, principal) VALUES (637, 17, 'IMAGE', 'enzo_pileri2A022.jpg', 'image/jpeg', 'static\storage\2022\02\18\3c68f08f69bff2f70a442889dd865bd1\IMAGE\enzo_pileri2A022_20220218_200316_784038.jpg', 'mdenis', '2022-02-18 20:03:16.722551', false);
INSERT INTO torrent.torrent_file (id, torrent_id, module, file_name, mime_type, path, user_create, date_create, principal) VALUES (638, 17, 'IMAGE', 'enzo_pileri2A023.jpg', 'image/jpeg', 'static\storage\2022\02\18\3c68f08f69bff2f70a442889dd865bd1\IMAGE\enzo_pileri2A023_20220218_200316_785978.jpg', 'mdenis', '2022-02-18 20:03:16.722551', false);
INSERT INTO torrent.torrent_file (id, torrent_id, module, file_name, mime_type, path, user_create, date_create, principal) VALUES (639, 17, 'IMAGE', 'enzo_pileri2A024.jpg', 'image/jpeg', 'static\storage\2022\02\18\3c68f08f69bff2f70a442889dd865bd1\IMAGE\enzo_pileri2A024_20220218_200316_787932.jpg', 'mdenis', '2022-02-18 20:03:16.722551', false);
INSERT INTO torrent.torrent_file (id, torrent_id, module, file_name, mime_type, path, user_create, date_create, principal) VALUES (640, 17, 'IMAGE', 'enzo_pileri2A025.jpg', 'image/jpeg', 'static\storage\2022\02\18\3c68f08f69bff2f70a442889dd865bd1\IMAGE\enzo_pileri2A025_20220218_200316_789883.jpg', 'mdenis', '2022-02-18 20:03:16.722551', false);
INSERT INTO torrent.torrent_file (id, torrent_id, module, file_name, mime_type, path, user_create, date_create, principal) VALUES (641, 17, 'IMAGE', 'enzo_pileri2A027.jpg', 'image/jpeg', 'static\storage\2022\02\18\3c68f08f69bff2f70a442889dd865bd1\IMAGE\enzo_pileri2A027_20220218_200316_791835.jpg', 'mdenis', '2022-02-18 20:03:16.722551', false);
INSERT INTO torrent.torrent_file (id, torrent_id, module, file_name, mime_type, path, user_create, date_create, principal) VALUES (642, 17, 'IMAGE', 'enzo_pileri2A028.jpg', 'image/jpeg', 'static\storage\2022\02\18\3c68f08f69bff2f70a442889dd865bd1\IMAGE\enzo_pileri2A028_20220218_200316_793788.jpg', 'mdenis', '2022-02-18 20:03:16.722551', false);
INSERT INTO torrent.torrent_file (id, torrent_id, module, file_name, mime_type, path, user_create, date_create, principal) VALUES (643, 17, 'IMAGE', 'enzo_pileri2A029.jpg', 'image/jpeg', 'static\storage\2022\02\18\3c68f08f69bff2f70a442889dd865bd1\IMAGE\enzo_pileri2A029_20220218_200316_795761.jpg', 'mdenis', '2022-02-18 20:03:16.722551', false);
INSERT INTO torrent.torrent_file (id, torrent_id, module, file_name, mime_type, path, user_create, date_create, principal) VALUES (644, 17, 'IMAGE', 'enzo_pileri2A030.jpg', 'image/jpeg', 'static\storage\2022\02\18\3c68f08f69bff2f70a442889dd865bd1\IMAGE\enzo_pileri2A030_20220218_200316_797689.jpg', 'mdenis', '2022-02-18 20:03:16.722551', false);
INSERT INTO torrent.torrent_file (id, torrent_id, module, file_name, mime_type, path, user_create, date_create, principal) VALUES (645, 17, 'IMAGE', 'enzo_pileri2A031.jpg', 'image/jpeg', 'static\storage\2022\02\18\3c68f08f69bff2f70a442889dd865bd1\IMAGE\enzo_pileri2A031_20220218_200316_799643.jpg', 'mdenis', '2022-02-18 20:03:16.722551', false);
INSERT INTO torrent.torrent_file (id, torrent_id, module, file_name, mime_type, path, user_create, date_create, principal) VALUES (646, 17, 'IMAGE', 'enzo_pileri2A032.jpg', 'image/jpeg', 'static\storage\2022\02\18\3c68f08f69bff2f70a442889dd865bd1\IMAGE\enzo_pileri2A032_20220218_200316_801597.jpg', 'mdenis', '2022-02-18 20:03:16.722551', false);
INSERT INTO torrent.torrent_file (id, torrent_id, module, file_name, mime_type, path, user_create, date_create, principal) VALUES (647, 17, 'IMAGE', 'enzo_pileri2A033.jpg', 'image/jpeg', 'static\storage\2022\02\18\3c68f08f69bff2f70a442889dd865bd1\IMAGE\enzo_pileri2A033_20220218_200316_803568.jpg', 'mdenis', '2022-02-18 20:03:16.722551', false);
INSERT INTO torrent.torrent_file (id, torrent_id, module, file_name, mime_type, path, user_create, date_create, principal) VALUES (648, 17, 'IMAGE', 'enzo_pileri2A034.jpg', 'image/jpeg', 'static\storage\2022\02\18\3c68f08f69bff2f70a442889dd865bd1\IMAGE\enzo_pileri2A034_20220218_200316_805499.jpg', 'mdenis', '2022-02-18 20:03:16.722551', false);
INSERT INTO torrent.torrent_file (id, torrent_id, module, file_name, mime_type, path, user_create, date_create, principal) VALUES (649, 17, 'IMAGE', 'enzopileriA042.jpg', 'image/jpeg', 'static\storage\2022\02\18\3c68f08f69bff2f70a442889dd865bd1\IMAGE\enzopileriA042_20220218_200316_807450.jpg', 'mdenis', '2022-02-18 20:03:16.722551', false);


--
-- Name: torrent_file_id_seq; Type: SEQUENCE SET; Schema: torrent; Owner: postgres
--

SELECT pg_catalog.setval('torrent.torrent_file_id_seq', 649, true);


--
-- Name: torrent_id_seq; Type: SEQUENCE SET; Schema: torrent; Owner: postgres
--

SELECT pg_catalog.setval('torrent.torrent_id_seq', 17, true);


--
-- Data for Name: friendships; Type: TABLE DATA; Schema: user; Owner: postgres
--



--
-- Name: friendships_id_seq; Type: SEQUENCE SET; Schema: user; Owner: postgres
--

SELECT pg_catalog.setval('"user".friendships_id_seq', 1, false);


--
-- Data for Name: permission; Type: TABLE DATA; Schema: user; Owner: postgres
--

INSERT INTO "user".permission (id, name, "group") VALUES (3, 'category_list', 'category');
INSERT INTO "user".permission (id, name, "group") VALUES (4, 'category_search', 'category');
INSERT INTO "user".permission (id, name, "group") VALUES (6, 'permission_search', 'permission');
INSERT INTO "user".permission (id, name, "group") VALUES (5, 'permission_list', 'permission');
INSERT INTO "user".permission (id, name, "group") VALUES (7, 'permission_get', 'permission');
INSERT INTO "user".permission (id, name, "group") VALUES (8, 'permission_insert', 'permission');
INSERT INTO "user".permission (id, name, "group") VALUES (9, 'permission_update', 'permission');
INSERT INTO "user".permission (id, name, "group") VALUES (10, 'permission_delete', 'permission');
INSERT INTO "user".permission (id, name, "group") VALUES (11, 'user_list', 'user');
INSERT INTO "user".permission (id, name, "group") VALUES (12, 'user_search', 'user');
INSERT INTO "user".permission (id, name, "group") VALUES (13, 'user_get', 'user');
INSERT INTO "user".permission (id, name, "group") VALUES (14, 'user_insert', 'user');
INSERT INTO "user".permission (id, name, "group") VALUES (15, 'user_update', 'user');
INSERT INTO "user".permission (id, name, "group") VALUES (16, 'user_delete', 'user');
INSERT INTO "user".permission (id, name, "group") VALUES (17, 'category_get', 'category');
INSERT INTO "user".permission (id, name, "group") VALUES (18, 'category_insert', 'category');
INSERT INTO "user".permission (id, name, "group") VALUES (19, 'category_update', 'category');
INSERT INTO "user".permission (id, name, "group") VALUES (20, 'category_delete', 'category');
INSERT INTO "user".permission (id, name, "group") VALUES (21, 'user_statistics', 'user');
INSERT INTO "user".permission (id, name, "group") VALUES (22, 'rol_list', 'rol');
INSERT INTO "user".permission (id, name, "group") VALUES (23, 'rol_search', 'rol');
INSERT INTO "user".permission (id, name, "group") VALUES (24, 'rol_get', 'rol');
INSERT INTO "user".permission (id, name, "group") VALUES (25, 'rol_insert', 'rol');
INSERT INTO "user".permission (id, name, "group") VALUES (26, 'rol_update', 'rol');
INSERT INTO "user".permission (id, name, "group") VALUES (27, 'rol_delete', 'rol');
INSERT INTO "user".permission (id, name, "group") VALUES (28, 'torrent_list', 'torrent');
INSERT INTO "user".permission (id, name, "group") VALUES (30, 'torrent_search', 'torrent');
INSERT INTO "user".permission (id, name, "group") VALUES (31, 'torrent_get', 'torrent');
INSERT INTO "user".permission (id, name, "group") VALUES (36, 'torrent_insert', 'torrent');
INSERT INTO "user".permission (id, name, "group") VALUES (37, 'torrent_update', 'torrent');
INSERT INTO "user".permission (id, name, "group") VALUES (38, 'torrent_delete', 'torrent');
INSERT INTO "user".permission (id, name, "group") VALUES (39, 'torrent_file_download', 'torrent');
INSERT INTO "user".permission (id, name, "group") VALUES (40, 'peers_list', 'peers');
INSERT INTO "user".permission (id, name, "group") VALUES (41, 'peers_search', 'peers');
INSERT INTO "user".permission (id, name, "group") VALUES (42, 'peers_get', 'peers');
INSERT INTO "user".permission (id, name, "group") VALUES (43, 'peers_insert', 'peers');
INSERT INTO "user".permission (id, name, "group") VALUES (44, 'peers_update', 'peers');
INSERT INTO "user".permission (id, name, "group") VALUES (45, 'peers_delete', 'peers');
INSERT INTO "user".permission (id, name, "group") VALUES (46, 'friendships_list', 'friendships');
INSERT INTO "user".permission (id, name, "group") VALUES (48, 'friendships_search', 'friendships');
INSERT INTO "user".permission (id, name, "group") VALUES (49, 'friendships_get', 'friendships');
INSERT INTO "user".permission (id, name, "group") VALUES (50, 'friendships_insert', 'friendships');
INSERT INTO "user".permission (id, name, "group") VALUES (51, 'friendships_update', 'friendships');
INSERT INTO "user".permission (id, name, "group") VALUES (52, 'friendships_delete', 'friendships');
INSERT INTO "user".permission (id, name, "group") VALUES (53, 'announce_get', 'announce');


--
-- Name: permission_id_seq; Type: SEQUENCE SET; Schema: user; Owner: postgres
--

SELECT pg_catalog.setval('"user".permission_id_seq', 53, true);


--
-- Data for Name: rol; Type: TABLE DATA; Schema: user; Owner: postgres
--

INSERT INTO "user".rol (id, name) VALUES (1, 'user');
INSERT INTO "user".rol (id, name) VALUES (3, 'admin');
INSERT INTO "user".rol (id, name) VALUES (4, 'power_user');
INSERT INTO "user".rol (id, name) VALUES (5, 'moderator');


--
-- Name: rol_id_seq; Type: SEQUENCE SET; Schema: user; Owner: postgres
--

SELECT pg_catalog.setval('"user".rol_id_seq', 5, true);


--
-- Data for Name: rol_permission; Type: TABLE DATA; Schema: user; Owner: postgres
--

INSERT INTO "user".rol_permission (id, rol_id, permission_id) VALUES (273, 1, 13);
INSERT INTO "user".rol_permission (id, rol_id, permission_id) VALUES (274, 1, 15);
INSERT INTO "user".rol_permission (id, rol_id, permission_id) VALUES (275, 1, 16);
INSERT INTO "user".rol_permission (id, rol_id, permission_id) VALUES (276, 1, 21);
INSERT INTO "user".rol_permission (id, rol_id, permission_id) VALUES (277, 1, 28);
INSERT INTO "user".rol_permission (id, rol_id, permission_id) VALUES (278, 1, 30);
INSERT INTO "user".rol_permission (id, rol_id, permission_id) VALUES (279, 1, 31);
INSERT INTO "user".rol_permission (id, rol_id, permission_id) VALUES (280, 1, 36);
INSERT INTO "user".rol_permission (id, rol_id, permission_id) VALUES (281, 1, 37);
INSERT INTO "user".rol_permission (id, rol_id, permission_id) VALUES (282, 1, 39);
INSERT INTO "user".rol_permission (id, rol_id, permission_id) VALUES (283, 1, 46);
INSERT INTO "user".rol_permission (id, rol_id, permission_id) VALUES (284, 1, 48);
INSERT INTO "user".rol_permission (id, rol_id, permission_id) VALUES (285, 1, 49);
INSERT INTO "user".rol_permission (id, rol_id, permission_id) VALUES (286, 1, 50);
INSERT INTO "user".rol_permission (id, rol_id, permission_id) VALUES (287, 1, 51);
INSERT INTO "user".rol_permission (id, rol_id, permission_id) VALUES (288, 1, 52);
INSERT INTO "user".rol_permission (id, rol_id, permission_id) VALUES (289, 1, 53);
INSERT INTO "user".rol_permission (id, rol_id, permission_id) VALUES (290, 1, 3);
INSERT INTO "user".rol_permission (id, rol_id, permission_id) VALUES (254, 4, 53);
INSERT INTO "user".rol_permission (id, rol_id, permission_id) VALUES (255, 5, 53);
INSERT INTO "user".rol_permission (id, rol_id, permission_id) VALUES (335, 3, 3);
INSERT INTO "user".rol_permission (id, rol_id, permission_id) VALUES (336, 3, 4);
INSERT INTO "user".rol_permission (id, rol_id, permission_id) VALUES (337, 3, 6);
INSERT INTO "user".rol_permission (id, rol_id, permission_id) VALUES (338, 3, 5);
INSERT INTO "user".rol_permission (id, rol_id, permission_id) VALUES (339, 3, 7);
INSERT INTO "user".rol_permission (id, rol_id, permission_id) VALUES (340, 3, 8);
INSERT INTO "user".rol_permission (id, rol_id, permission_id) VALUES (341, 3, 9);
INSERT INTO "user".rol_permission (id, rol_id, permission_id) VALUES (342, 3, 10);
INSERT INTO "user".rol_permission (id, rol_id, permission_id) VALUES (343, 3, 11);
INSERT INTO "user".rol_permission (id, rol_id, permission_id) VALUES (344, 3, 12);
INSERT INTO "user".rol_permission (id, rol_id, permission_id) VALUES (345, 3, 13);
INSERT INTO "user".rol_permission (id, rol_id, permission_id) VALUES (346, 3, 14);
INSERT INTO "user".rol_permission (id, rol_id, permission_id) VALUES (347, 3, 16);
INSERT INTO "user".rol_permission (id, rol_id, permission_id) VALUES (348, 3, 17);
INSERT INTO "user".rol_permission (id, rol_id, permission_id) VALUES (349, 3, 18);
INSERT INTO "user".rol_permission (id, rol_id, permission_id) VALUES (350, 3, 19);
INSERT INTO "user".rol_permission (id, rol_id, permission_id) VALUES (351, 3, 20);
INSERT INTO "user".rol_permission (id, rol_id, permission_id) VALUES (352, 3, 22);
INSERT INTO "user".rol_permission (id, rol_id, permission_id) VALUES (353, 3, 23);
INSERT INTO "user".rol_permission (id, rol_id, permission_id) VALUES (354, 3, 24);
INSERT INTO "user".rol_permission (id, rol_id, permission_id) VALUES (355, 3, 25);
INSERT INTO "user".rol_permission (id, rol_id, permission_id) VALUES (356, 3, 26);
INSERT INTO "user".rol_permission (id, rol_id, permission_id) VALUES (357, 3, 27);
INSERT INTO "user".rol_permission (id, rol_id, permission_id) VALUES (358, 3, 28);
INSERT INTO "user".rol_permission (id, rol_id, permission_id) VALUES (359, 3, 30);
INSERT INTO "user".rol_permission (id, rol_id, permission_id) VALUES (360, 3, 31);
INSERT INTO "user".rol_permission (id, rol_id, permission_id) VALUES (361, 3, 36);
INSERT INTO "user".rol_permission (id, rol_id, permission_id) VALUES (362, 3, 37);
INSERT INTO "user".rol_permission (id, rol_id, permission_id) VALUES (363, 3, 38);
INSERT INTO "user".rol_permission (id, rol_id, permission_id) VALUES (364, 3, 39);
INSERT INTO "user".rol_permission (id, rol_id, permission_id) VALUES (365, 3, 40);
INSERT INTO "user".rol_permission (id, rol_id, permission_id) VALUES (366, 3, 41);
INSERT INTO "user".rol_permission (id, rol_id, permission_id) VALUES (367, 3, 42);
INSERT INTO "user".rol_permission (id, rol_id, permission_id) VALUES (368, 3, 43);
INSERT INTO "user".rol_permission (id, rol_id, permission_id) VALUES (369, 3, 44);
INSERT INTO "user".rol_permission (id, rol_id, permission_id) VALUES (370, 3, 45);
INSERT INTO "user".rol_permission (id, rol_id, permission_id) VALUES (371, 3, 46);
INSERT INTO "user".rol_permission (id, rol_id, permission_id) VALUES (372, 3, 48);
INSERT INTO "user".rol_permission (id, rol_id, permission_id) VALUES (373, 3, 49);
INSERT INTO "user".rol_permission (id, rol_id, permission_id) VALUES (374, 3, 50);
INSERT INTO "user".rol_permission (id, rol_id, permission_id) VALUES (375, 3, 51);
INSERT INTO "user".rol_permission (id, rol_id, permission_id) VALUES (376, 3, 52);
INSERT INTO "user".rol_permission (id, rol_id, permission_id) VALUES (377, 3, 21);
INSERT INTO "user".rol_permission (id, rol_id, permission_id) VALUES (378, 3, 53);
INSERT INTO "user".rol_permission (id, rol_id, permission_id) VALUES (379, 3, 15);


--
-- Name: rol_permission_id_seq; Type: SEQUENCE SET; Schema: user; Owner: postgres
--

SELECT pg_catalog.setval('"user".rol_permission_id_seq', 379, true);


--
-- Data for Name: rol_user; Type: TABLE DATA; Schema: user; Owner: postgres
--

INSERT INTO "user".rol_user (id, rol_id, user_id) VALUES (1, 1, 1);
INSERT INTO "user".rol_user (id, rol_id, user_id) VALUES (3, 3, 2);


--
-- Name: rol_user_id_seq; Type: SEQUENCE SET; Schema: user; Owner: postgres
--

SELECT pg_catalog.setval('"user".rol_user_id_seq', 3, true);


--
-- Name: user_id_seq; Type: SEQUENCE SET; Schema: user; Owner: postgres
--

SELECT pg_catalog.setval('"user".user_id_seq', 2, true);


--
-- PostgreSQL database dump complete
--

